run_id,run_name,state,tag,dataset,method,mode,N,seed,teacher_arch,best_val_score,epochs_logged,test/mAP@R,test/recall@1,test/recall@2,test/recall@4,test/recall@8,test/R_precision,val/mAP@R,val/recall@1,val/recall@2,val/recall@4,val/recall@8,val/R_precision,train/mAP@R,train/recall@1,train/recall@2,train/recall@4,train/recall@8,train/R_precision
508d75df36e0269e,classic-rkd_dist-resnet18-cars196,finished,?,cars196,profile,off,8,0,resnet18,0.07728362828493118,120,0.018300939351320267,0.1376214474439621,0.20809248089790344,0.3005780279636383,0.419259637594223,0.06520422548055649,0.07728362828493118,0.3231961727142334,0.43470484018325806,0.5837805867195129,0.7137746214866638,0.1742055118083954,0.07199975848197937,0.24666771292686465,0.3526736795902252,0.4738905429840088,0.6062411665916443,0.15306128561496735
3f1c142b7af75c69,classic-rkd_angle-resnet18-cars196,finished,?,cars196,profile,off,8,0,resnet18,0.09086231887340546,120,0.018611792474985123,0.13946624100208282,0.2168245017528534,0.30918705463409424,0.43635469675064087,0.06699024885892868,0.09086231887340546,0.351222425699234,0.4645199775695801,0.5980918407440186,0.7394156455993652,0.1929602324962616,0.08524318784475327,0.27850085496902466,0.39187705516815186,0.5234436392784119,0.6637917757034302,0.17751626670360565
1a82976dbcc7d651,classic-rkd_dist-convnext_tiny-cars196,finished,?,cars196,profile,off,8,0,convnext_tiny,0.08189171552658081,120,0.0201635230332613,0.1399581879377365,0.2141188085079193,0.30537450313568115,0.4235641360282898,0.06718391925096512,0.08189171552658081,0.3106738328933716,0.44961240887641907,0.5819916725158691,0.7084078788757324,0.17992009222507477,0.07937229424715042,0.25466519594192505,0.3674141466617584,0.48596519231796265,0.6167476773262024,0.1614132523536682
ad72cdc38e8c0e17,classic-rkd_angle-convnext_tiny-cars196,finished,?,cars196,profile,off,8,0,convnext_tiny,0.0971592143177986,120,0.02112274244427681,0.14426270127296448,0.2168245017528534,0.3155823349952698,0.43512484431266785,0.0709163248538971,0.0971592143177986,0.3458556830883026,0.4692904055118561,0.6159809231758118,0.7441860437393188,0.19871942698955536,0.07941041886806488,0.27959856390953064,0.3917202353477478,0.5171710848808289,0.6534420847892761,0.16777339577674866
e6c2a4ee64934aa4,classic-rkd_dist-resnet18-cub200,finished,?,cub200,profile,off,8,0,resnet18,0.15191252529621124,120,0.031984709203243256,0.15071730315685272,0.22902953624725345,0.33063292503356934,0.4617721438407898,0.08836276084184647,0.15191252529621124,0.4460251033306122,0.6033473014831543,0.7372384667396545,0.8368200659751892,0.2872057855129242,0.2145586609840393,0.4715568721294403,0.6000855565071106,0.7179213166236877,0.8169375658035278,0.3327102065086365
19efb59bc7c35789,classic-rkd_angle-resnet18-cub200,finished,?,cub200,profile,off,8,0,resnet18,0.1760890632867813,120,0.0359906330704689,0.16843882203102112,0.24725738167762756,0.3534177243709564,0.4791561067104339,0.093210831284523,0.1760890632867813,0.5138075351715088,0.6435146331787109,0.7648535370826721,0.8585774302482605,0.30952736735343933,0.3276920020580292,0.6097091436386108,0.7234815955162048,0.815226674079895,0.886227548122406,0.4482481777667999
107761d7fa2bf43b,classic-rkd_dist-convnext_tiny-cub200,finished,?,cub200,profile,off,8,0,convnext_tiny,0.14551645517349243,120,0.030172429978847504,0.14700421690940857,0.2236286848783493,0.3218565285205841,0.4508017003536224,0.08344606310129166,0.14551645517349243,0.43347281217575073,0.5707113146781921,0.723849356174469,0.8267782330513,0.279827356338501,0.3075173795223236,0.559880256652832,0.6775021553039551,0.7825064063072205,0.8627031445503235,0.4239031970500946
7d67e3ce26e46334,classic-rkd_angle-convnext_tiny-cub200,finished,?,cub200,profile,off,8,0,convnext_tiny,0.15673764050006866,120,0.031413670629262924,0.15645569562911987,0.2253164499998093,0.324050635099411,0.44573840498924255,0.08540327847003937,0.15673764050006866,0.4761506319046021,0.6217573285102844,0.7556485533714294,0.8418409824371338,0.29036545753479004,0.3141242265701294,0.6002994179725647,0.7149273157119751,0.8053892254829407,0.8817365169525146,0.43480104207992554
e0d6497014e24c6b,cars196-resnet18-regression-profile-N2-search-s0,finished,search,cars196,profile,regression,2,0,resnet18,0.02795480191707611,30,0.0063966684974730015,0.06173902377486229,0.10244742035865784,0.16861394047737122,0.26146844029426575,0.03430689871311188,0.02795480191707611,0.1687537282705307,0.26952892541885376,0.39713773131370544,0.5760286450386047,0.10368739068508148,0.007482033688575029,0.07182060182094574,0.11776697635650636,0.1873921900987625,0.28979143500328064,0.03907838463783264
cd06f40ab35fbcec,cars196-resnet18-regression-profile-N2-search-s1,finished,search,cars196,profile,regression,2,1,resnet18,0.012922792695462704,29,0.0059480443596839905,0.06825728714466095,0.1022014543414116,0.15852908790111542,0.2382240742444992,0.03014710545539856,0.012922792695462704,0.12347932159900664,0.18978102505207065,0.31204378604888916,0.4841849207878113,0.0696064904332161,0.006411840673536062,0.07113884389400482,0.11076442897319794,0.16661466658115387,0.2539781630039215,0.0337628573179245
75aa91fabe0aefb0,cub200-resnet18-regression-profile-N2-search-s0,finished,search,cub200,profile,regression,2,0,resnet18,0.09454283863306046,30,0.01981336437165737,0.10565400868654252,0.1672573834657669,0.2602531611919403,0.3809282779693603,0.0663866326212883,0.09454283863306046,0.31715482473373413,0.4702928960323334,0.6443514823913574,0.7958158850669861,0.224019855260849,0.04414887726306915,0.19546620547771457,0.3021813631057739,0.43220701813697815,0.5810521841049194,0.1268930435180664
f277ce47f0c279f0,cars196-resnet18-regression-profile-N2-search-s2,finished,search,cars196,profile,regression,2,2,resnet18,0.0177468154579401,30,0.005822185892611742,0.06555159389972687,0.1022014543414116,0.16086582839488983,0.23908498883247375,0.030675247311592106,0.0177468154579401,0.12205438315868378,0.20422960817813873,0.32749244570732117,0.5117824673652649,0.08363481611013412,0.006185160018503666,0.06766682118177414,0.10939209163188934,0.17393343150615692,0.26801061630249023,0.03488083556294441
160698d827742f2f,cub200-resnet18-regression-profile-N2-search-s1,finished,search,cub200,profile,regression,2,1,resnet18,0.12617826461791992,30,0.019715851172804832,0.099409282207489,0.16168776154518127,0.24894514679908752,0.3773839771747589,0.06638066470623016,0.12617826461791992,0.3696397840976715,0.5171526670455933,0.6672384142875671,0.8010291457176208,0.2523512542247772,0.03650457412004471,0.17768330872058868,0.2731136977672577,0.4008501470088959,0.5604676008224487,0.1157347708940506
78ea06145e320687,cars196-resnet18-regression-profile-N4-search-s0,finished,search,cars196,profile,regression,4,0,resnet18,0.008821905590593815,30,0.0016712358919903636,0.02201451174914837,0.04021645709872246,0.07231582701206207,0.12876644730567932,0.015647858381271362,0.008821905590593815,0.07930828630924225,0.1419200897216797,0.24627310037612915,0.42098987102508545,0.062178950756788254,0.0019766464829444885,0.025403795763850212,0.04484867677092552,0.07730907946825027,0.13250744342803955,0.017668886110186577
235b3167aeff92d7,cub200-resnet18-regression-profile-N2-search-s2,finished,search,cub200,profile,regression,2,2,resnet18,0.09134768694639206,30,0.021616999059915543,0.1024472564458847,0.1670886129140854,0.25873416662216187,0.3804219365119934,0.07000401616096497,0.09134768694639206,0.3047538101673126,0.45500847697258,0.5797962546348572,0.7308998107910156,0.20583930611610413,0.049040574580430984,0.21137864887714383,0.3264436423778534,0.46793097257614136,0.6092051863670349,0.13723763823509216
da1e34e3e44beb9f,cub200-resnet18-regression-profile-N4-search-s0,finished,search,cub200,profile,regression,4,0,resnet18,0.0127275288105011,30,0.0020610077772289515,0.020759493112564087,0.03915611654520035,0.07594936341047287,0.13654008507728577,0.017068305984139442,0.0127275288105011,0.0928870290517807,0.1606694608926773,0.2794979214668274,0.45606693625450134,0.07091400772333145,0.0031144239474087954,0.03421727940440178,0.06287425011396408,0.1071428582072258,0.1849871724843979,0.022906137630343437
9dda68c0828e085b,cub200-resnet18-regression-profile-N4-search-s1,finished,search,cub200,profile,regression,4,1,resnet18,0.013958332128822803,30,0.0020971561316400766,0.023966245353221893,0.041518986225128174,0.07864978909492493,0.13940928876399994,0.016915783286094666,0.013958332128822803,0.1029159501194954,0.1826758086681366,0.2958833575248718,0.4716981053352356,0.07375309616327286,0.00279112602584064,0.031880978494882584,0.05887353792786598,0.10478214919567108,0.17789585888385773,0.022176438942551613
0424a4e62c201f38,cars196-resnet18-regression-profile-N4-search-s1,finished,search,cars196,profile,regression,4,1,resnet18,0.006671297363936901,30,0.0016063832445070148,0.024474235251545903,0.041323330253362656,0.07083999365568161,0.123601034283638,0.015368657186627388,0.006671297363936901,0.07055961340665817,0.12165450304746628,0.2062043845653534,0.3625304102897644,0.05508897081017494,0.0019910703413188457,0.026209048926830292,0.04586583375930786,0.08018720895051956,0.14227768778800964,0.01834934763610363
f9aa2e7705c48b18,cub200-resnet18-regression-profile-N4-search-s2,finished,search,cub200,profile,regression,4,2,resnet18,0.011612492613494396,30,0.002075990429148078,0.023459915071725845,0.044556960463523865,0.07459915429353714,0.13805906474590302,0.017004285007715225,0.011612492613494396,0.08828523010015488,0.1646859049797058,0.2860780954360962,0.4465195238590241,0.06807231903076172,0.003084561787545681,0.03750266507267952,0.06499040871858597,0.11442574113607408,0.190070316195488,0.023106832057237625
10f10ecb3f82a659,cub200-resnet18-regression-profile-N8-search-s0,finished,search,cub200,profile,regression,8,0,resnet18,0.014332338236272337,30,0.002295808866620064,0.023966245353221893,0.045400843024253845,0.08371307700872421,0.14244726300239563,0.018403515219688416,0.014332338236272337,0.08702928572893143,0.1640167385339737,0.28619247674942017,0.4937238395214081,0.07743579149246216,0.003693269798532128,0.04213002696633339,0.07292557507753372,0.12446535378694534,0.21813516318798065,0.02588001824915409
80e08ad855a5aa55,cars196-resnet18-regression-profile-N4-search-s2,finished,search,cars196,profile,regression,4,2,resnet18,0.008079692721366882,30,0.0016558620845898986,0.022875415161252025,0.041938260197639465,0.07219284027814865,0.12667568027973175,0.015697214752435684,0.008079692721366882,0.06163141876459122,0.1250755339860916,0.2187311202287674,0.3861027061939239,0.05911510810256004,0.0019905464723706245,0.023597437888383865,0.04235036671161651,0.07813721150159836,0.1387716829776764,0.018402166664600372
d014c39a53c3a6b1,cub200-resnet18-regression-profile-N8-search-s1,finished,search,cub200,profile,regression,8,1,resnet18,0.01502677984535694,30,0.002247655764222145,0.023797469213604927,0.043206751346588135,0.080506332218647,0.14548523724079132,0.01843828707933426,0.01502677984535694,0.10720411688089372,0.19210977852344513,0.312178373336792,0.48627787828445435,0.07971983402967453,0.0030101861339062452,0.03273113816976547,0.061849094927310944,0.1062699258327484,0.1872476041316986,0.023843204602599144
d96056fb15516d24,cub200-resnet18-regression-profile-N8-search-s2,finished,search,cub200,profile,regression,8,2,resnet18,0.012589036487042904,30,0.002182305557653308,0.02497890219092369,0.04658227786421776,0.07814346253871918,0.14447256922721863,0.017834369093179703,0.012589036487042904,0.09083192050457,0.1714770793914795,0.29032257199287415,0.46434634923934937,0.07239185273647308,0.003339259885251522,0.040059663355350494,0.07074365764856339,0.12145748734474182,0.2062646448612213,0.02464551106095314
534313d1b8c7f13e,cars196-resnet18-regression-profile-N8-search-s0,finished,search,cars196,profile,regression,8,0,resnet18,0.011406829580664636,30,0.002176716225221753,0.03136145696043968,0.05017833039164543,0.08510638028383255,0.14992006123065948,0.01826544851064682,0.011406829580664636,0.10017888993024826,0.1693500280380249,0.297555148601532,0.4609421491622925,0.07039158791303635,0.002462164033204317,0.028069624677300453,0.05033715069293976,0.08907009661197662,0.1544613391160965,0.0202371459454298
cb5c5a394f25a826,cub200-resnet18-regression-profile-N16-search-s0,finished,search,cub200,profile,regression,16,0,resnet18,0.014538168907165527,30,0.002364905783906579,0.028185654431581497,0.05164556950330734,0.0887763723731041,0.1503797471523285,0.018288107588887215,0.014538168907165527,0.09707112610340118,0.1656903773546219,0.29121339321136475,0.4761506319046021,0.07870995998382568,0.0036643873900175095,0.04148845002055168,0.06928998976945877,0.12425149977207184,0.2166381478309631,0.026256293058395382
35764189e30d6012,cub200-resnet18-regression-profile-N16-search-s1,finished,search,cub200,profile,regression,16,1,resnet18,0.015226058661937714,30,0.002188525628298521,0.02413502149283886,0.04438818618655205,0.08270042389631271,0.14649789035320282,0.017882293090224266,0.015226058661937714,0.09948541969060898,0.1835334450006485,0.3181818127632141,0.4991423785686493,0.07953652739524841,0.003101077629253268,0.03676939383149147,0.0648246556520462,0.11264611780643465,0.19383634626865387,0.024062903597950935
b5a21d127618e541,cars196-resnet18-regression-profile-N8-search-s1,finished,search,cars196,profile,regression,8,1,resnet18,0.007380907889455557,30,0.0023586221504956484,0.02656499855220318,0.051654163748025894,0.0899028405547142,0.1528717279434204,0.018654419109225273,0.007380907889455557,0.0656934306025505,0.118613138794899,0.2238442748785019,0.40693432092666626,0.05734298378229141,0.0026545431464910507,0.03338533639907837,0.05663026496767998,0.09921997040510178,0.1689547598361969,0.02143602818250656
aba47984aa6e56ba,cub200-resnet18-regression-profile-N16-search-s2,finished,search,cub200,profile,regression,16,2,resnet18,0.012948423624038696,30,0.002314922865480185,0.02548523247241974,0.04742616042494774,0.0887763723731041,0.1588185727596283,0.018396032974123955,0.012948423624038696,0.09932088106870653,0.1723259836435318,0.3039049208164215,0.4745331108570099,0.07296839356422424,0.0035605402663350105,0.04219049587845802,0.07521840929985046,0.1287023276090622,0.21713189780712128,0.0262198019772768
47b92e221394b048,cub200-resnet18-regression-profile-N17-search-s0,finished,search,cub200,profile,regression,17,0,resnet18,0.015017942525446417,30,0.00242256885394454,0.02902953512966633,0.05232067406177521,0.09282700717449188,0.15797469019889832,0.018544381484389305,0.015017942525446417,0.095397487282753,0.1866108775138855,0.31631800532341003,0.4912133812904358,0.0796375423669815,0.0036646046210080385,0.04255774244666099,0.07527801394462585,0.12553463876247406,0.2166381478309631,0.026430102065205578
9964bb25d715314c,cars196-resnet18-regression-profile-N8-search-s2,finished,search,cars196,profile,regression,8,2,resnet18,0.009904496371746063,30,0.00207278854213655,0.02668798342347145,0.04759562015533447,0.07895708084106445,0.1354077011346817,0.01765846461057663,0.009904496371746063,0.09123867005109788,0.15045316517353058,0.24471299350261688,0.40845921635627747,0.06339117884635925,0.0025031601544469595,0.028129395097494125,0.05125800892710686,0.09235817939043044,0.16252540051937103,0.0202105063945055
db07af4b800e6d71,cub200-resnet18-regression-profile-N17-search-s1,finished,search,cub200,profile,regression,17,1,resnet18,0.015383186750113964,30,0.002307357732206583,0.023797469213604927,0.04371308162808418,0.08303797245025635,0.14886075258255005,0.01834578439593315,0.015383186750113964,0.1080617532134056,0.19210977852344513,0.3104631304740906,0.48627787828445435,0.07828381657600403,0.0031590787693858147,0.03783209249377251,0.06333687901496887,0.10924548655748367,0.18916046619415283,0.02434202097356319
c1204be6129a6ad5,cub200-resnet18-regression-profile-N17-search-s2,finished,search,cub200,profile,regression,17,2,resnet18,0.013097697868943214,30,0.002231334103271365,0.026497891172766685,0.049789030104875565,0.0857383981347084,0.14784809947013855,0.018108054995536804,0.013097697868943214,0.1069609522819519,0.1876061111688614,0.3106960952281952,0.4906621277332306,0.07290022075176239,0.0035576673690229654,0.04282974824309349,0.07628382742404938,0.13232474029064178,0.2239505648612976,0.026198938488960263
8fb3c0d8c6f5d7b0,cars196-resnet18-regression-profile-N16-search-s0,finished,search,cars196,profile,regression,16,0,resnet18,0.013258823193609716,30,0.0029602849390357733,0.04169229045510292,0.06887222081422806,0.10835075378417967,0.17427130043506622,0.02013442665338516,0.013258823193609716,0.11926058679819108,0.19558735191822052,0.3190220594406128,0.4901610016822815,0.07580868899822235,0.0030974620021879673,0.036380741745233536,0.06476399302482605,0.1091422289609909,0.17782656848430634,0.02228361926972866
57b16e55cf30a1eb,cub200-resnet18-regression-profile-N2-final-s0,finished,final,cub200,profile,regression,2,0,resnet18,0.13631920516490936,120,0.03152882680296898,0.14683544635772705,0.22177214920520785,0.31898733973503113,0.4405063390731811,0.08425445109605789,0.13631920516490936,0.4343096315860748,0.595815896987915,0.7305439114570618,0.8393305540084839,0.27012714743614197,0.35956209897994995,0.6392215490341187,0.7508554458618164,0.8443113565444946,0.908896505832672,0.47831618785858154
c9b40526d305f898,cars196-resnet18-regression-profile-N16-search-s1,finished,search,cars196,profile,regression,16,1,resnet18,0.0079500125721097,30,0.0028075312729924917,0.03234534338116646,0.056204650551080704,0.09801992028951644,0.16652318835258484,0.020184069871902462,0.0079500125721097,0.08272506296634674,0.14294403791427612,0.23905108869075775,0.3990267515182495,0.058616604655981064,0.0030868262983858585,0.03915756568312645,0.06645865738391876,0.11216848343610764,0.1815912574529648,0.022805310785770416
e62b40def4ae8905,cars196-resnet18-regression-profile-N16-search-s2,finished,search,cars196,profile,regression,16,2,resnet18,0.010942190885543823,30,0.003280525328591466,0.038740623742341995,0.0623539537191391,0.1039232537150383,0.1713196337223053,0.021093249320983887,0.010942190885543823,0.09123867005109788,0.15166163444519043,0.2586102783679962,0.4380664527416229,0.06626339256763458,0.0034545583184808493,0.04000625014305115,0.06594780087471008,0.11001718789339066,0.18018440902233124,0.023336149752140045
073680d986e04629,cub200-resnet18-regression-mds-N2-search-s0,finished,search,cub200,mds,regression,2,0,resnet18,0.09374832361936568,30,0.019506871700286865,0.1022784784436226,0.1588185727596283,0.250801682472229,0.3762025237083435,0.06617262959480286,0.09374832361936568,0.302092045545578,0.4794979095458984,0.6510460376739502,0.7983263731002808,0.22606399655342105,0.03952406346797943,0.19589392840862271,0.2927716076374054,0.4219418168067932,0.5669375658035278,0.11830087006092072
c0da8d8b8fe44624,cars196-resnet18-regression-profile-N17-search-s0,finished,search,cars196,profile,regression,17,0,resnet18,0.014577985741198065,30,0.0033805335406214,0.04292215034365654,0.06850326061248779,0.11093346774578094,0.17955970764160156,0.021546760573983192,0.014577985741198065,0.11926058679819108,0.19618366658687592,0.321407288312912,0.4830053746700287,0.07780440896749496,0.0034036191646009684,0.036694370210170746,0.06617531925439835,0.111651249229908,0.18660812079906464,0.023519448935985565
656c04bf9b33489b,cars196-resnet18-regression-profile-N17-search-s1,finished,search,cars196,profile,regression,17,1,resnet18,0.007964245043694973,30,0.0030624426435679197,0.03578895702958107,0.06087812036275864,0.10244742035865784,0.16763006150722504,0.02031700871884823,0.007964245043694973,0.07481751590967178,0.1344282180070877,0.2427007257938385,0.4178832173347473,0.059411026537418365,0.0032192403450608253,0.033853355795145035,0.06037441641092301,0.10514820367097856,0.17815913259983063,0.023156797513365746
f866d54a1fff0133,cars196-resnet18-regression-profile-N17-search-s2,finished,search,cars196,profile,regression,17,2,resnet18,0.010682341642677784,30,0.002579672262072563,0.033575206995010376,0.05780346691608429,0.09580617398023604,0.15877506136894226,0.019698740914463997,0.010682341642677784,0.09788519889116289,0.16978852450847626,0.27009063959121704,0.4308156967163086,0.0656590610742569,0.0026703805197030306,0.03594311699271202,0.06282231956720352,0.10423503816127776,0.17815282940864563,0.021340977400541306
f290e55279050407,cars196-resnet18-regression-profile-N2-final-s0,finished,final,cars196,profile,regression,2,0,resnet18,0.17293959856033325,120,0.034793026745319366,0.2563030421733856,0.3578895628452301,0.4786619246006012,0.5985733866691589,0.1002235859632492,0.17293959856033325,0.5044722557067871,0.6273106932640076,0.7262969613075256,0.8217054009437561,0.2828180193901062,0.3861896693706513,0.6766504645347595,0.7851654291152954,0.8612200021743774,0.922063648700714,0.5024897456169128
928ebb4951a7a312,cub200-resnet18-regression-mds-N2-search-s1,finished,search,cub200,mds,regression,2,1,resnet18,0.1266186386346817,30,0.02073683962225914,0.10329113900661469,0.16523206233978271,0.2558649778366089,0.38194093108177185,0.06663009524345398,0.1266186386346817,0.37650084495544434,0.5257290005683899,0.6680960655212402,0.7933104634284973,0.2498675137758255,0.03806660324335098,0.1795961707830429,0.28374069929122925,0.4274176359176636,0.5594049096107483,0.117132306098938
e7288bbea38722a1,cub200-resnet18-regression-mds-N2-search-s2,finished,search,cub200,mds,regression,2,2,resnet18,0.09276070445775986,30,0.02188659645617008,0.1107172966003418,0.18042193353176117,0.27291139960289,0.3957805931568146,0.0701369047164917,0.09276070445775986,0.3200339674949646,0.43039050698280334,0.5738539695739746,0.7275042533874512,0.2043009847402573,0.050021663308143616,0.2154272347688675,0.3283613920211792,0.4551459550857544,0.6072874665260315,0.13875463604927063
1aa6ea549ad46c35,cub200-resnet18-regression-mds-N4-search-s0,finished,search,cub200,mds,regression,4,0,resnet18,0.013456368818879128,30,0.0021780068054795265,0.02362869121134281,0.03983122482895851,0.07594936341047287,0.14227847754955292,0.01805719919502735,0.013456368818879128,0.08786610513925552,0.16652719676494598,0.2811715602874756,0.4543932974338531,0.07353252172470093,0.003399410285055638,0.03999144583940506,0.06800684332847595,0.11804961413145064,0.19482463598251343,0.023358602076768875
8f6e2cad851652c9,cub200-resnet18-regression-mds-N4-search-s1,finished,search,cub200,mds,regression,4,1,resnet18,0.013853036798536776,30,0.001991902245208621,0.018734177574515343,0.03983122482895851,0.07848101109266281,0.13924050331115723,0.017076091840863228,0.013853036798536776,0.12435677647590636,0.19382503628730777,0.3164665400981903,0.46226415038108826,0.07227245718240738,0.00269321515224874,0.03315621614456177,0.05419766157865524,0.10159404575824738,0.1755579113960266,0.021674390882253647
847ca9217ac773fb,cub200-resnet18-regression-mds-N4-search-s2,finished,search,cub200,mds,regression,4,2,resnet18,0.01154677662998438,30,0.0020351961720734835,0.022616034373641018,0.04219409450888634,0.075274258852005,0.13502109050750732,0.016982054337859154,0.01154677662998438,0.08913412690162659,0.1561969369649887,0.26570457220077515,0.4575551748275757,0.06834849715232849,0.0031091419514268637,0.03814191371202469,0.0643511638045311,0.1137864887714386,0.1960366517305374,0.022640038281679153
9951c4b11663c8ab,cub200-resnet18-regression-mds-N8-search-s0,finished,search,cub200,mds,regression,8,0,resnet18,0.013700053095817566,30,0.002178252674639225,0.024810126051306725,0.04337552562355995,0.07932489365339279,0.1390717327594757,0.01783015951514244,0.013700053095817566,0.09121339023113252,0.17322175204753876,0.28619247674942017,0.4426778256893158,0.07432807981967926,0.00331878662109375,0.04063301905989647,0.07207014411687851,0.11676646769046783,0.20316509902477264,0.023570336401462555
5192793110db66d6,cub200-resnet18-regression-mds-N8-search-s1,finished,search,cub200,mds,regression,8,1,resnet18,0.013418174348771572,30,0.002022659173235297,0.02042194083333015,0.03915611654520035,0.07578059285879135,0.13350211083889008,0.017195088788866997,0.013418174348771572,0.09348198771476746,0.15008576214313507,0.2907375693321228,0.45883360505104065,0.07120555639266968,0.0027003949508070946,0.03315621614456177,0.05887353792786598,0.0998937264084816,0.17428268492221832,0.021297937259078022
8cccb4cf446fa836,cub200-resnet18-regression-mds-N8-search-s2,finished,search,cub200,mds,regression,8,2,resnet18,0.01163728628307581,30,0.002120744436979294,0.023966245353221893,0.044894516468048096,0.07864978909492493,0.14059071242809296,0.01749945431947708,0.01163728628307581,0.0899830237030983,0.16044142842292786,0.27589133381843567,0.43718165159225464,0.06964371353387833,0.003188997972756624,0.03579799830913544,0.06818666309118271,0.12273599207401276,0.20072448253631592,0.024035576730966568
48655ad903ac9b12,cars196-resnet18-regression-mds-N2-search-s0,finished,search,cars196,mds,regression,2,0,resnet18,0.0309872068464756,30,0.007251508999615908,0.06924117356538773,0.11474603414535522,0.17968270182609558,0.27905547618865967,0.03646096959710121,0.0309872068464756,0.1884317249059677,0.28443649411201477,0.43351221084594727,0.5963029265403748,0.10973764955997468,0.00868410523980856,0.07417280972003937,0.11917829513549805,0.19429199397563937,0.2990434467792511,0.04276514425873757
2a03fbeaf9f7c3b8,cub200-resnet18-regression-mds-N16-search-s0,finished,search,cub200,mds,regression,16,0,resnet18,0.012973180040717123,30,0.002151025692000985,0.027848102152347565,0.044050633907318115,0.07780590653419495,0.13687764108181,0.01735040917992592,0.012973180040717123,0.08870293200016022,0.1589958220720291,0.2803347408771515,0.444351464509964,0.07185381650924683,0.0033098177518695593,0.04170231148600578,0.06693755090236664,0.1133447363972664,0.1918306201696396,0.02254592627286911
d56a2c90b2935ea3,cub200-resnet18-regression-mds-N16-search-s1,finished,search,cub200,mds,regression,16,1,resnet18,0.014386983588337898,30,0.0020915560889989138,0.021940927952528,0.04067510366439819,0.07713080197572708,0.13316455483436584,0.017197219654917717,0.014386983588337898,0.1080617532134056,0.1843910813331604,0.29759863018989563,0.4614065289497375,0.07407330721616745,0.0026569366455078125,0.034006375819444656,0.05802337825298309,0.09606800973415376,0.1732199788093567,0.021196285262703896
c74b286f9b06a0a8,cars196-resnet18-regression-mds-N2-search-s1,finished,search,cars196,mds,regression,2,1,resnet18,0.013312123715877531,30,0.006314111407846212,0.06616652011871338,0.10380026698112488,0.16369450092315674,0.2388390153646469,0.031042512506246567,0.013312123715877531,0.1167883202433586,0.18795619904994965,0.3114355206489563,0.4793187379837036,0.07244207710027695,0.006573710590600967,0.06942277401685715,0.10670826584100725,0.16957877576351166,0.26006239652633667,0.03498734533786774
7c11f857131f5958,cub200-resnet18-regression-mds-N16-search-s2,finished,search,cub200,mds,regression,16,2,resnet18,0.010875208303332329,30,0.0020506044384092093,0.023122362792491913,0.04033755138516426,0.07257384061813354,0.13316455483436584,0.01687430590391159,0.010875208303332329,0.0899830237030983,0.15704584121704102,0.27504244446754456,0.4431239366531372,0.0642365962266922,0.00295366276986897,0.03686341270804405,0.06285957992076874,0.10888557136058807,0.18815256655216217,0.022132983431220055
59a6369de53099b4,cub200-resnet18-regression-mds-N17-search-s0,finished,search,cub200,mds,regression,17,0,resnet18,0.0126525666564703,30,0.0020323481876403093,0.0214345995336771,0.04084388166666031,0.075274258852005,0.13451476395130155,0.01714186742901802,0.0126525666564703,0.09121339023113252,0.15564852952957153,0.27280333638191223,0.4451882839202881,0.07013002038002014,0.003115247003734112,0.03849443793296814,0.06351582705974579,0.11077844351530076,0.1849871724843979,0.0222164336591959
7696e7dd1597ae13,cub200-resnet18-regression-mds-N17-search-s1,finished,search,cub200,mds,regression,17,1,resnet18,0.013985482044517994,30,0.002123804995790124,0.022278480231761932,0.040506329387426376,0.07291138917207718,0.13299578428268433,0.01717374287545681,0.013985482044517994,0.11063464730978012,0.17409949004650116,0.2855917811393738,0.4528301954269409,0.07357301563024521,0.0026980869006365538,0.033368755131959915,0.05717321857810021,0.09755579382181168,0.17024442553520203,0.02134406380355358
1d1d7e5fb3a7a962,cub200-resnet18-regression-mds-N17-search-s2,finished,search,cub200,mds,regression,17,2,resnet18,0.010731372982263563,30,0.0019848227966576815,0.023122362792491913,0.04219409450888634,0.07594936341047287,0.13080169260501862,0.01638803631067276,0.010731372982263563,0.07555178552865982,0.14601019024848938,0.2546689212322235,0.4244482219219208,0.0671832337975502,0.002976180985569954,0.039420414716005325,0.06520349532365799,0.1120818257331848,0.18793947994709015,0.022396208718419075
03e3dc25c7f3a664,cub200-resnet18-regression-mds-N2-final-s0,finished,final,cub200,mds,regression,2,0,resnet18,0.13197821378707886,120,0.028252985328435894,0.13957805931568146,0.21468354761600497,0.3144303858280182,0.43915611505508423,0.08113572746515274,0.13197821378707886,0.4125522971153259,0.5832635760307312,0.7213389277458191,0.8443514704704285,0.26838916540145874,0.14931806921958923,0.4118905067443848,0.5483319163322449,0.6749358177185059,0.7865697145462036,0.26796016097068787
508e3a7275f9410a,cars196-resnet18-regression-mds-N2-search-s2,finished,search,cars196,mds,regression,2,2,resnet18,0.01873948983848095,30,0.005787829868495464,0.062107980251312256,0.10121756047010422,0.1572992205619812,0.24142171442508695,0.03075119666755199,0.01873948983848095,0.1353474259376526,0.21933534741401672,0.3546827733516693,0.5250755548477173,0.08338997513055801,0.006331359501928091,0.06391623616218567,0.1075168028473854,0.16736990213394165,0.25582122802734375,0.03515051677823067
4ceee663732f2dde,cars196-resnet18-regression-mds-N4-search-s0,finished,search,cars196,mds,regression,4,0,resnet18,0.009110447019338608,30,0.0016836681170389056,0.021153610199689865,0.040462426841259,0.07539048045873642,0.13553068041801453,0.0156572088599205,0.009110447019338608,0.08825283497571945,0.1592128872871399,0.26654741168022156,0.4239713847637177,0.06258578598499298,0.001897069625556469,0.023992473259568214,0.042810097336769104,0.0782499611377716,0.13705503940582275,0.0176564808934927
8d245562f6b0c9ef,cars196-resnet18-regression-mds-N4-search-s1,finished,search,cars196,mds,regression,4,1,resnet18,0.00677226297557354,30,0.0016918500186875465,0.02410527691245079,0.04279916360974312,0.07379166036844254,0.12901242077350616,0.01568620279431343,0.00677226297557354,0.07725060731172562,0.1301703155040741,0.2335766404867172,0.3947688639163971,0.05533500388264656,0.0020109452307224274,0.028861153870821,0.05070202797651291,0.08205927908420563,0.1443057656288147,0.01841062679886818
91a478958ecfeb34,cars196-resnet18-regression-mds-N4-search-s2,finished,search,cars196,mds,regression,4,2,resnet18,0.008331777527928352,30,0.001782562118023634,0.02410527691245079,0.04304513707756996,0.07329971343278885,0.12962734699249268,0.016098879277706146,0.008331777527928352,0.06888217478990555,0.12809666991233826,0.21933534741401672,0.365558922290802,0.05968533083796501,0.002058376325294375,0.024535084143280983,0.04360056295990944,0.0792311280965805,0.14064697921276093,0.018334029242396355
8a35534ce81b329e,cars196-resnet18-regression-mds-N8-search-s0,finished,search,cars196,mds,regression,8,0,resnet18,0.008890068158507347,30,0.0017083048587664962,0.022629443556070328,0.044397983700037,0.075267493724823,0.12913541495800018,0.01567661575973034,0.008890068158507347,0.08825283497571945,0.1550387591123581,0.26416218280792236,0.4180083572864533,0.06206418573856354,0.001960765803232789,0.022737964987754825,0.04343735426664352,0.07730907946825027,0.13485965132713318,0.01798090897500515
f30806c37ca26708,cars196-resnet18-regression-mds-N8-search-s1,finished,search,cars196,mds,regression,8,1,resnet18,0.007037200499325991,30,0.001778283040039241,0.024228261783719063,0.0426761768758297,0.07625138014554977,0.1331939548254013,0.016142919659614563,0.007037200499325991,0.07360097020864487,0.12043795734643936,0.22141119837760925,0.381995141506195,0.05664679408073425,0.0019967418629676104,0.02714508585631847,0.0480499230325222,0.08299531787633896,0.1471138894557953,0.01844109036028385
f18358668e671353,cars196-resnet18-regression-mds-N8-search-s2,finished,search,cars196,mds,regression,8,2,resnet18,0.008275724947452545,30,0.001846252242103219,0.02730291523039341,0.04734965041279793,0.07981798052787781,0.13774444162845612,0.016108445823192596,0.008275724947452545,0.07552870362997055,0.1335347443819046,0.22900302708148956,0.387311190366745,0.059949297457933426,0.0020313661079853773,0.02562900446355343,0.04641350358724594,0.08516956120729446,0.1492420732975006,0.018621670082211494
26972af93b95c593,cars196-resnet18-regression-mds-N16-search-s0,finished,search,cars196,mds,regression,16,0,resnet18,0.008721809834241867,30,0.0017040992388501763,0.0247202068567276,0.0455048568546772,0.08055589348077774,0.1370065212249756,0.0155809186398983,0.008721809834241867,0.08348240703344345,0.1496720314025879,0.25939178466796875,0.42874181270599365,0.06101085618138313,0.0018669035052880645,0.02289477735757828,0.04343735426664352,0.07480005919933319,0.13642778992652893,0.01771242544054985
02336f2e2d939d8d,cars196-resnet18-regression-mds-N16-search-s1,finished,search,cars196,mds,regression,16,1,resnet18,0.006859002634882927,30,0.001761609921231866,0.02459722012281418,0.043291106820106506,0.07821916043758392,0.13442380726337433,0.0158033799380064,0.006859002634882927,0.06812652200460434,0.1155717745423317,0.2177615612745285,0.38260340690612793,0.05587250366806984,0.0020129478070884943,0.028861153870821,0.048985958099365234,0.08486739546060562,0.1496099829673767,0.018290597945451736
1e5ca9e2edf2e6ef,cars196-resnet18-regression-mds-N16-search-s2,finished,search,cars196,mds,regression,16,2,resnet18,0.007786313537508249,30,0.0014016855275258422,0.024228261783719063,0.03972451016306877,0.06961013376712799,0.12286311388015748,0.01451211515814066,0.007786313537508249,0.06283988058567047,0.11661631613969804,0.23746223747730255,0.39516615867614746,0.057962264865636826,0.001699431799352169,0.025316456332802773,0.04360056295990944,0.07438662648200989,0.13611501455307007,0.017179904505610466
6d2302903e6ba08e,cars196-resnet18-regression-mds-N17-search-s0,finished,search,cars196,mds,regression,17,0,resnet18,0.009249906986951828,30,0.0017695429269224403,0.024474235251545903,0.043291106820106506,0.0780961737036705,0.13626860082149506,0.016032090410590172,0.009249906986951828,0.08944544196128845,0.1520572453737259,0.26356589794158936,0.43172332644462585,0.06291951984167099,0.0019873445853590965,0.024619726464152336,0.04328053817152977,0.0796612799167633,0.1368982344865799,0.018139401450753212
201d27d5bd9de0a7,cars196-resnet18-regression-mds-N17-search-s1,finished,search,cars196,mds,regression,17,1,resnet18,0.006782309152185917,30,0.0014767488464713097,0.022383470088243484,0.03824867680668831,0.06850326061248779,0.12519985437393188,0.014960382133722304,0.006782309152185917,0.0656934306025505,0.1271289587020874,0.2323600947856903,0.3813868761062622,0.05468570068478584,0.0017935165669769049,0.026677066460251808,0.04695787653326988,0.07753510028123856,0.14087364077568054,0.017778504639863968
35a34ec98fe1123a,cars196-resnet18-regression-mds-N17-search-s2,finished,search,cars196,mds,regression,17,2,resnet18,0.008008779026567936,30,0.0013980218209326267,0.022875415161252025,0.040708400309085846,0.06850326061248779,0.1224941611289978,0.014638307504355907,0.008008779026567936,0.0700906366109848,0.12870091199874878,0.2320241630077362,0.40181270241737366,0.058834802359342575,0.0016878750175237656,0.021253321319818497,0.04156899452209473,0.07954367995262146,0.14049069583415985,0.017199914902448654
d6dbf3110d9ddeb8,cars196-resnet18-regression-mds-N2-final-s0,finished,final,cars196,mds,regression,2,0,resnet18,0.19152478873729703,120,0.03919505700469017,0.2629442811012268,0.37043413519859314,0.4873939156532288,0.60459965467453,0.10536420345306396,0.19152478873729703,0.5366726517677307,0.6571258306503296,0.7626714110374451,0.8515205979347229,0.3052796423435211,0.4602293074131012,0.7340441942214966,0.8275051116943359,0.8976007699966431,0.9427630305290222,0.5687876343727112
e1b8774de46a4d88,cub200-convnext_tiny-regression-profile-N2-search-s0,finished,search,cub200,profile,regression,2,0,convnext_tiny,0.09589565545320512,30,0.02019410766661167,0.11122363060712814,0.1702953577041626,0.2604219317436218,0.3810970485210418,0.0663217157125473,0.09589565545320512,0.3305439352989197,0.492887020111084,0.671966552734375,0.7983263731002808,0.2241652011871338,0.04448431730270386,0.19503849744796753,0.30260905623435974,0.43242087960243225,0.5746364593505859,0.1272345334291458
be0509e8f814ce2e,cub200-convnext_tiny-regression-profile-N2-search-s1,finished,search,cub200,profile,regression,2,1,convnext_tiny,0.12499064207077026,30,0.020678363740444183,0.099409282207489,0.1598312258720398,0.2448945194482803,0.36742615699768066,0.0671142190694809,0.12499064207077026,0.3662092685699463,0.5231561064720154,0.6595197319984436,0.7967410087585449,0.2504153549671173,0.03902271389961243,0.1880977749824524,0.3032943606376648,0.43145591020584106,0.5766206383705139,0.12000952661037444
bd473d12858c876d,cub200-convnext_tiny-regression-profile-N2-search-s2,finished,search,cub200,profile,regression,2,2,convnext_tiny,0.0888141617178917,30,0.020510472357273105,0.1107172966003418,0.17586497962474823,0.26599156856536865,0.3834599256515503,0.06778070330619812,0.0888141617178917,0.31748726963996887,0.4533106982707978,0.5959252715110779,0.7266553640365601,0.2010905146598816,0.047435589134693146,0.21031323075294495,0.3264436423778534,0.4608992040157318,0.6087790131568909,0.13551127910614014
9e1723ef60df4cc0,cub200-convnext_tiny-regression-profile-N4-search-s0,finished,search,cub200,profile,regression,4,0,convnext_tiny,0.013461997732520103,30,0.0021928257774561644,0.02666666731238365,0.047594938427209854,0.080506332218647,0.14143459498882294,0.017495064064860344,0.013461997732520103,0.08200836926698685,0.1640167385339737,0.2794979214668274,0.4485355615615845,0.07423067092895508,0.003212839597836137,0.03742514923214912,0.06501283496618271,0.11740804463624954,0.1993156522512436,0.022952696308493618
ba9fb43ce1e3e602,cub200-convnext_tiny-regression-profile-N4-search-s1,finished,search,cub200,profile,regression,4,1,convnext_tiny,0.014229058288037775,30,0.002185601042583585,0.024472573772072792,0.044894516468048096,0.080506332218647,0.14244726300239563,0.0175153911113739,0.014229058288037775,0.10720411688089372,0.18953688442707065,0.30445969104766846,0.48885077238082886,0.07496822625398636,0.0027559425216168165,0.028905419632792473,0.05504782125353813,0.09819341450929642,0.17810839414596558,0.02267299592494965
673e943cd44ef2cd,cub200-convnext_tiny-regression-profile-N4-search-s2,finished,search,cub200,profile,regression,4,2,convnext_tiny,0.011213590390980244,30,0.0020529513712972403,0.021603375673294067,0.03983122482895851,0.07493671029806137,0.1419409215450287,0.01743137277662754,0.011213590390980244,0.08488964289426804,0.15959252417087555,0.27589133381843567,0.4524618089199066,0.06757184118032455,0.0029999129474163055,0.03771574795246124,0.061794161796569824,0.10334540903568268,0.1781376451253891,0.022861825302243233
fc9e5f27e0605a6e,cub200-convnext_tiny-regression-profile-N8-search-s0,finished,search,cub200,profile,regression,8,0,convnext_tiny,0.014566665515303612,30,0.002268457319587469,0.023966245353221893,0.04607594758272171,0.08202531933784485,0.14683544635772705,0.01811404339969158,0.014566665515303612,0.0920502096414566,0.16820083558559418,0.31046023964881897,0.4895397424697876,0.07782966643571854,0.003580988384783268,0.04063301905989647,0.071856290102005,0.12403763830661774,0.20936697721481323,0.025634612888097763
7e166c94ef1e6905,cub200-convnext_tiny-regression-profile-N8-search-s1,finished,search,cub200,profile,regression,8,1,convnext_tiny,0.01545392256230116,30,0.0021852655336260796,0.02329113893210888,0.04371308162808418,0.07932489365339279,0.13738396763801575,0.017736654728651047,0.01545392256230116,0.11234991252422331,0.1843910813331604,0.3164665400981903,0.481989711523056,0.07727115601301193,0.0030514532700181007,0.037194475531578064,0.06503719091415405,0.11455897986888884,0.1946865022182465,0.023372961208224297
1f8f821e0a59f982,cub200-convnext_tiny-regression-profile-N8-search-s2,finished,search,cub200,profile,regression,8,2,convnext_tiny,0.01282969769090414,30,0.002140149474143982,0.02582278475165367,0.04506329074501991,0.08016877621412277,0.14683544635772705,0.017458781599998474,0.01282969769090414,0.10441426187753676,0.1799660474061966,0.3013582229614258,0.475382000207901,0.07232742756605148,0.003208077745512128,0.03366716206073761,0.06200724467635155,0.11165565997362135,0.20115065574645996,0.02484898827970028
54204dfbadf9bebe,cub200-convnext_tiny-regression-profile-N16-search-s0,finished,search,cub200,profile,regression,16,0,convnext_tiny,0.014789954759180546,30,0.002396446419879794,0.027848102152347565,0.05383966118097305,0.09164556860923768,0.1545991599559784,0.01840720884501934,0.014789954759180546,0.08702928572893143,0.1623430997133255,0.2995815873146057,0.4652719795703888,0.07986906915903091,0.0035794363357126713,0.04426860436797142,0.07271172106266022,0.12296834588050842,0.2166381478309631,0.025912132114171985
3dfa42a944e7852b,cub200-convnext_tiny-regression-profile-N16-search-s1,finished,search,cub200,profile,regression,16,1,convnext_tiny,0.015758998692035675,30,0.002215493470430374,0.02329113893210888,0.044894516468048096,0.080506332218647,0.14143459498882294,0.018014414235949516,0.015758998692035675,0.11663807928562164,0.19039450585842133,0.30703258514404297,0.49228131771087646,0.0795125886797905,0.0032267633359879255,0.03804463520646095,0.06652497500181198,0.11307120323181152,0.1970244348049164,0.02451345883309841
392e505a73e13634,cub200-convnext_tiny-regression-profile-N16-search-s2,finished,search,cub200,profile,regression,16,2,convnext_tiny,0.013643343932926657,30,0.0024524126201868057,0.028185654431581497,0.05485232174396515,0.09738396853208542,0.161856546998024,0.018721455708146095,0.013643343932926657,0.12224108725786208,0.19439728558063507,0.31663838028907776,0.4898132383823395,0.07451889663934708,0.0036555090919137,0.04112508147954941,0.07287449389696121,0.12699764966964722,0.21436181664466855,0.026689982041716576
cdab2198e0fc7bc0,cub200-convnext_tiny-regression-profile-N17-search-s0,finished,search,cub200,profile,regression,17,0,convnext_tiny,0.015044101513922216,30,0.0024082891177386045,0.026497891172766685,0.05097046494483948,0.08995780348777771,0.15510548651218414,0.018422279506921768,0.015044101513922216,0.10125523060560226,0.17573221027851105,0.31297069787979126,0.492887020111084,0.07889983803033829,0.0035116171929985285,0.0429854579269886,0.07228400558233261,0.129170224070549,0.2226261794567108,0.025859683752059937
68158129c6c3ab2c,cub200-convnext_tiny-regression-profile-N17-search-s1,finished,search,cub200,profile,regression,17,1,convnext_tiny,0.01541889552026987,30,0.0023296691942960024,0.028354430571198463,0.05080168694257736,0.09012658149003984,0.1567932516336441,0.017884787172079086,0.01541889552026987,0.11406517773866652,0.19982847571372983,0.32675814628601074,0.5034305453300476,0.07978589832782745,0.0032643992453813553,0.0382571741938591,0.07056322693824768,0.1264612078666687,0.20573857426643372,0.024571450427174568
59ec680e4897d004,cub200-convnext_tiny-regression-profile-N17-search-s2,finished,search,cub200,profile,regression,17,2,convnext_tiny,0.013738632202148438,30,0.002346183406189084,0.02632911317050457,0.049789030104875565,0.09113924205303192,0.1588185727596283,0.01840419694781303,0.013738632202148438,0.11629880964756012,0.20033955574035645,0.3132427930831909,0.4694397151470184,0.07452991604804993,0.00375834247097373,0.0419774129986763,0.07820157706737518,0.13232474029064178,0.22416365146636963,0.0268522035330534
67cfa1bb3745d0b5,cub200-convnext_tiny-regression-profile-N2-final-s0,finished,final,cub200,profile,regression,2,0,convnext_tiny,0.13762807846069336,120,0.030317801982164383,0.14481012523174286,0.21603375673294067,0.3186497986316681,0.4418565332889557,0.08391444385051727,0.13762807846069336,0.4393305480480194,0.6083682179450989,0.738075315952301,0.8418409824371338,0.2720368206501007,0.20911943912506104,0.48118048906326294,0.6148417592048645,0.7365269660949707,0.8349016308784485,0.3333115875720978
3a08b3f8af90fb5a,cub200-convnext_tiny-regression-mds-N2-search-s0,finished,search,cub200,mds,regression,2,0,convnext_tiny,0.0927930474281311,30,0.019388196989893913,0.09991560876369476,0.16135020554065704,0.2448945194482803,0.3613502085208893,0.06503230333328247,0.0927930474281311,0.2995815873146057,0.4719665348529816,0.6192468404769897,0.7841004133224487,0.2198967486619949,0.04296886920928955,0.19396920502185824,0.3002566397190094,0.427288293838501,0.5778443217277527,0.1248081997036934
f939d90e43cb0e5f,cub200-convnext_tiny-regression-mds-N2-search-s1,finished,search,cub200,mds,regression,2,1,convnext_tiny,0.12395033985376358,30,0.021345963701605797,0.10430379956960678,0.16523206233978271,0.24945147335529327,0.37485232949256897,0.06832359731197357,0.12395033985376358,0.34991422295570374,0.4965694546699524,0.682675838470459,0.8164665699005127,0.2488911896944046,0.03883117437362671,0.19192348420619965,0.2903294265270233,0.4301806688308716,0.5825717449188232,0.1199529841542244
b853c97ceac309b5,cub200-convnext_tiny-regression-mds-N2-search-s2,finished,search,cub200,mds,regression,2,2,convnext_tiny,0.08786462992429733,30,0.021588755771517754,0.10700421780347824,0.1745147705078125,0.2634599208831787,0.3905485272407532,0.06917911767959595,0.08786462992429733,0.2971137464046478,0.4439728260040283,0.5967742204666138,0.7266553640365601,0.2011318951845169,0.04555866867303848,0.20178990066051483,0.31578946113586426,0.4551459550857544,0.5998295545578003,0.13187839090824127
d0b6d334cd445186,cub200-convnext_tiny-regression-mds-N4-search-s0,finished,search,cub200,mds,regression,4,0,convnext_tiny,0.013800756074488165,30,0.002150335349142551,0.02548523247241974,0.04202531650662422,0.07864978909492493,0.14160338044166565,0.01763954944908619,0.013800756074488165,0.08451882749795914,0.17322175204753876,0.29037657380104065,0.4410041868686676,0.07357414811849594,0.003342491341754794,0.03892215713858605,0.062446534633636475,0.11719418317079544,0.20188194513320923,0.02377905137836933
3230584b13b46dac,cub200-convnext_tiny-regression-mds-N4-search-s1,finished,search,cub200,mds,regression,4,1,convnext_tiny,0.013278697617352009,30,0.0020074150525033474,0.02278481051325798,0.04084388166666031,0.07257384061813354,0.13856540620326996,0.016523759812116623,0.013278697617352009,0.09090909361839294,0.17581474781036377,0.294168084859848,0.46569469571113586,0.0704035684466362,0.002740010619163513,0.03145589679479599,0.05526036024093628,0.10499468445777892,0.18257173895835876,0.02156609110534191
1d86d3f617196c21,cub200-convnext_tiny-regression-mds-N4-search-s2,finished,search,cub200,mds,regression,4,2,convnext_tiny,0.011291024275124071,30,0.002084154868498445,0.022278480231761932,0.042362868785858154,0.07392404973506927,0.13248945772647858,0.01723514124751091,0.011291024275124071,0.09337861090898514,0.1629881113767624,0.25806450843811035,0.4252971112728119,0.06733305007219315,0.003082074923440814,0.03579799830913544,0.06562966108322144,0.10845940560102464,0.19326657056808472,0.023018795996904373
4c23279defbcdaf0,cub200-convnext_tiny-regression-mds-N8-search-s0,finished,search,cub200,mds,regression,8,0,convnext_tiny,0.013351594097912312,30,0.002045570407062769,0.023797469213604927,0.04135021194815636,0.07679324597120285,0.1410970389842987,0.016955172643065453,0.013351594097912312,0.09790795296430588,0.16987447440624237,0.29539749026298523,0.4761506319046021,0.07278995215892792,0.003010112326592207,0.035500429570674896,0.06073567271232605,0.11184773594141006,0.19054748117923737,0.02230139635503292
9fb2026c70ba24d2,cub200-convnext_tiny-regression-mds-N8-search-s1,finished,search,cub200,mds,regression,8,1,convnext_tiny,0.01409743633121252,30,0.0021543530747294426,0.02413502149283886,0.041518986225128174,0.07611814141273499,0.1375527381896973,0.01729043759405613,0.01409743633121252,0.10034305602312088,0.17924527823925018,0.29759863018989563,0.4708404839038849,0.07384226471185684,0.0026506101712584496,0.02911796048283577,0.053985122591257095,0.10031881183385848,0.17385759949684143,0.021686553955078125
6ec14c7686e55a8b,cub200-convnext_tiny-regression-mds-N8-search-s2,finished,search,cub200,mds,regression,8,2,convnext_tiny,0.011078491806983948,30,0.0021179423201829195,0.021940927952528,0.04135021194815636,0.07662447541952133,0.13957805931568146,0.017332473769783974,0.011078491806983948,0.08913412690162659,0.15449915826320648,0.2538200318813324,0.43887946009635925,0.06590812653303146,0.003064798889681697,0.03686341270804405,0.06733432412147522,0.11165565997362135,0.18985722959041595,0.02319413796067238
15ccca44296f61b8,cub200-convnext_tiny-regression-mds-N16-search-s0,finished,search,cub200,mds,regression,16,0,convnext_tiny,0.012929117307066916,30,0.0021364695858210325,0.026835443452000615,0.04506329074501991,0.07797468453645706,0.1400843858718872,0.01733391173183918,0.012929117307066916,0.0928870290517807,0.17489539086818695,0.2962343096733093,0.4677824378013611,0.07195602357387543,0.003135236445814371,0.03785286471247673,0.06565440446138382,0.11270316690206528,0.1903336197137833,0.02315894141793251
80e304a6c2f28d55,cub200-convnext_tiny-regression-mds-N16-search-s1,finished,search,cub200,mds,regression,16,1,convnext_tiny,0.013253085315227509,30,0.0020246035419404507,0.0214345995336771,0.03949367254972458,0.07696202397346497,0.1316455751657486,0.016806019470095634,0.013253085315227509,0.10205832123756409,0.17753002047538757,0.2873070240020752,0.439965695142746,0.07115097343921661,0.002645972417667508,0.03294367715716362,0.05738576129078865,0.09861849248409273,0.16408076882362366,0.02105086110532284
48d9f4468f619fb4,cub200-convnext_tiny-regression-mds-N16-search-s2,finished,search,cub200,mds,regression,16,2,convnext_tiny,0.01139917504042387,30,0.0019782325252890587,0.021772151812911034,0.03949367254972458,0.07257384061813354,0.13316455483436584,0.0168117955327034,0.01139917504042387,0.08828523010015488,0.15874363481998444,0.2682512700557709,0.4516128897666931,0.06803039461374283,0.003026253543794155,0.03281483054161072,0.05923716351389885,0.10739398747682571,0.1934796571731567,0.023010509088635445
ff7e9ca346d28f29,cub200-convnext_tiny-regression-mds-N17-search-s0,finished,search,cub200,mds,regression,17,0,convnext_tiny,0.013065189123153688,30,0.0020769729744642973,0.02497890219092369,0.04253164678812027,0.07662447541952133,0.13434599339962006,0.017153307795524597,0.013065189123153688,0.08953975141048431,0.16736401617527008,0.28870293498039246,0.45355647802352905,0.07084723562002182,0.003211353439837694,0.04020530357956886,0.0641573965549469,0.11676646769046783,0.1933276355266571,0.02243281714618206
a454d50f6e697fea,cub200-convnext_tiny-regression-mds-N17-search-s1,finished,search,cub200,mds,regression,17,1,convnext_tiny,0.013939249329268932,30,0.0021693152375519276,0.023122362792491913,0.043206751346588135,0.07459915429353714,0.14143459498882294,0.01736687496304512,0.013939249329268932,0.11149228364229202,0.17667238414287567,0.2967410087585449,0.4682675898075104,0.07331422716379166,0.0027489832136780024,0.03294367715716362,0.05887353792786598,0.10286928713321686,0.17577046155929563,0.021495893597602844
66f7047d972dcb83,cub200-convnext_tiny-regression-mds-N17-search-s2,finished,search,cub200,mds,regression,17,2,convnext_tiny,0.010862773284316065,30,0.0021434719674289227,0.02362869121134281,0.042362868785858154,0.07594936341047287,0.13822785019874573,0.017294136807322502,0.010862773284316065,0.08828523010015488,0.1502546668052673,0.2461799681186676,0.4244482219219208,0.06602592766284943,0.003176347352564335,0.036437246948480606,0.06541657447814941,0.1165565699338913,0.18964415788650513,0.023021575063467022
3d2673a29c5efba5,cub200-convnext_tiny-regression-mds-N2-final-s0,finished,final,cub200,mds,regression,2,0,convnext_tiny,0.12722644209861755,120,0.028327157720923424,0.1461603343486786,0.21603375673294067,0.3093670904636383,0.4295358657836914,0.0777956023812294,0.12722644209861755,0.4234309494495392,0.5841004252433777,0.7288702726364136,0.8359832763671875,0.25940388441085815,0.3445616662502289,0.6240376234054565,0.7444397211074829,0.8336184620857239,0.9035500288009644,0.4647959768772125
8793b31e1c2d9a02,cars196-convnext_tiny-regression-profile-N2-search-s0,finished,search,cars196,profile,regression,2,0,convnext_tiny,0.02771778404712677,30,0.0066672153770923615,0.07293076068162918,0.11302422732114792,0.1785758137702942,0.2720452547073364,0.035206668078899384,0.02771778404712677,0.1848539113998413,0.27370303869247437,0.40906381607055664,0.5718545317649841,0.10469046980142592,0.008023705333471298,0.07119335234165192,0.11996236443519592,0.1892739534378052,0.29355496168136597,0.04029998928308487
94a1f4a6eca89cb5,cars196-convnext_tiny-regression-profile-N2-search-s1,finished,search,cars196,profile,regression,2,1,convnext_tiny,0.013361901976168156,30,0.005829770117998123,0.06186201050877571,0.09703603386878969,0.1550854742527008,0.24019186198711395,0.03058076836168766,0.013361901976168156,0.118613138794899,0.18978102505207065,0.3102189898490906,0.4793187379837036,0.07238651067018509,0.006487681996077299,0.07269890606403351,0.11653666198253632,0.17379094660282135,0.2650546133518219,0.034806106239557266
4ca23ed218dc67e6,cars196-convnext_tiny-regression-profile-N2-search-s2,finished,search,cars196,profile,regression,2,2,convnext_tiny,0.01796986348927021,30,0.005758621264249086,0.06038617715239525,0.09457631409168243,0.15127290785312653,0.23687122762203217,0.029824115335941315,0.01796986348927021,0.13716012239456177,0.2229607254266739,0.35105741024017334,0.5160120725631714,0.08249527961015701,0.0058818720281124115,0.06922956556081772,0.1111111119389534,0.17455852031707764,0.261915922164917,0.03376775234937668
d0046ece89f2a59f,cars196-convnext_tiny-regression-profile-N4-search-s0,finished,search,cars196,profile,regression,4,0,convnext_tiny,0.008966941386461258,30,0.0016914464067667725,0.02484319359064102,0.0426761768758297,0.07391464710235596,0.12950436770915985,0.015798889100551605,0.008966941386461258,0.08586762100458145,0.1568276733160019,0.25342872738838196,0.41562312841415405,0.06303268671035767,0.001999073196202517,0.024933354929089543,0.04171240329742432,0.07746589183807373,0.13564372062683103,0.017805924639105797
cefef23722b26816,cars196-convnext_tiny-regression-profile-N4-search-s1,finished,search,cars196,profile,regression,4,1,convnext_tiny,0.0066323112696409225,30,0.0016301422147080302,0.022998401895165443,0.04009347036480904,0.07157791405916214,0.13011929392814636,0.01512009371072054,0.0066323112696409225,0.06447688490152359,0.12165450304746628,0.21836982667446136,0.38077858090400696,0.05483173578977585,0.0019449914107099175,0.02308892272412777,0.04586583375930786,0.0837753489613533,0.1399375945329666,0.01805718243122101
4cb4a4263bd6b54e,cars196-convnext_tiny-regression-profile-N4-search-s2,finished,search,cars196,profile,regression,4,2,convnext_tiny,0.008180131204426289,30,0.0016613173065707088,0.022875415161252025,0.0415693037211895,0.07489853352308273,0.12888944149017334,0.015636494383215904,0.008180131204426289,0.07190332561731339,0.1311178207397461,0.2277945578098297,0.3806646466255188,0.05895652621984482,0.0019983756355941296,0.02672292478382587,0.04797624796628952,0.08110642433166504,0.14705422520637512,0.018083952367305756
864737583ed30f73,cars196-convnext_tiny-regression-profile-N8-search-s0,finished,search,cars196,profile,regression,8,0,convnext_tiny,0.01060483604669571,30,0.00219877646304667,0.024966178461909298,0.047718606889247894,0.08387652039527893,0.14672242105007172,0.01801636815071106,0.01060483604669571,0.08825283497571945,0.1580202728509903,0.2856290936470032,0.43112701177597046,0.0681615099310875,0.0024452628567814827,0.026658304035663605,0.04892582818865776,0.08922690898180008,0.1530500203371048,0.019779887050390244
822c31fa4b385931,cars196-convnext_tiny-regression-profile-N8-search-s1,finished,search,cars196,profile,regression,8,1,convnext_tiny,0.007551353890448809,30,0.002331194933503866,0.02656499855220318,0.04796458035707474,0.08621326088905334,0.1465994268655777,0.01849878393113613,0.007551353890448809,0.07177615910768509,0.1344282180070877,0.24026763439178467,0.40571776032447815,0.057222649455070496,0.0026037541683763266,0.030109204351902008,0.05553822219371796,0.0932917296886444,0.15600624680519104,0.021490374580025673
26beea4213a40209,cars196-convnext_tiny-regression-profile-N8-search-s2,finished,search,cars196,profile,regression,8,2,convnext_tiny,0.01023993454873562,30,0.002394684124737978,0.030869511887431145,0.05103923380374909,0.0881810337305069,0.14524658024311066,0.01894010230898857,0.01023993454873562,0.08217522501945496,0.15347431600093842,0.24894259870052335,0.4181268811225891,0.0645793229341507,0.0026856933254748583,0.02922331541776657,0.05641506612300873,0.0982966125011444,0.1704953908920288,0.021334316581487656
720bf84125126b6e,cars196-convnext_tiny-regression-profile-N16-search-s0,finished,search,cars196,profile,regression,16,0,convnext_tiny,0.01425626501441002,30,0.003732076147571206,0.037387773394584656,0.06850326061248779,0.11019554734230042,0.17906776070594788,0.02211056463420391,0.01425626501441002,0.10912343114614488,0.1812760829925537,0.3047108054161072,0.4698866903781891,0.07755594700574875,0.0033456776291131973,0.03481260687112808,0.06162772327661514,0.10616277158260344,0.17751294374465942,0.0231720507144928
60c56bf3176403c4,cars196-convnext_tiny-regression-profile-N16-search-s1,finished,search,cars196,profile,regression,16,1,convnext_tiny,0.008146078325808048,30,0.0031632529571652412,0.03529701009392738,0.06112409383058548,0.10121756047010422,0.16418644785881042,0.020928755402565,0.008146078325808048,0.07725060731172562,0.1386861354112625,0.23296837508678436,0.40997567772865295,0.059386130422353745,0.0032026972621679306,0.038533542305231094,0.06536661833524704,0.11170046776533128,0.1814352571964264,0.023428913205862045
714c74b21613f4e2,cars196-convnext_tiny-regression-profile-N16-search-s2,finished,search,cars196,profile,regression,16,2,convnext_tiny,0.01115154940634966,30,0.0031019386369735003,0.03615791350603104,0.06333784013986588,0.10466117411851884,0.1697208285331726,0.020956283435225487,0.01115154940634966,0.10090634226799013,0.15830816328525543,0.2652567923069,0.42537763714790344,0.0677991434931755,0.003169054863974452,0.04000625014305115,0.06751054525375366,0.10892327129840852,0.17784029245376587,0.02268090844154358
ef12ec0afd71e342,cars196-convnext_tiny-regression-profile-N17-search-s0,finished,search,cars196,profile,regression,17,0,convnext_tiny,0.013428596779704094,30,0.0033415157813578844,0.04021645709872246,0.06641249358654022,0.1095806136727333,0.17906776070594788,0.021742049604654312,0.013428596779704094,0.11687537282705308,0.19677996635437012,0.322003573179245,0.4812164604663849,0.07674859464168549,0.0031700062099844217,0.0396738275885582,0.0663321316242218,0.11008311063051224,0.179708331823349,0.02242954820394516
6feae0c928b5bd69,cars196-convnext_tiny-regression-profile-N17-search-s1,finished,search,cars196,profile,regression,17,1,convnext_tiny,0.00809947308152914,30,0.0028272666968405247,0.03320624679327011,0.058910343796014786,0.09863485395908356,0.1651703417301178,0.020417945459485057,0.00809947308152914,0.07420924305915833,0.12956205010414124,0.22749391198158264,0.3990267515182495,0.059255920350551605,0.0030657441820949316,0.03650546073913574,0.061466459184885025,0.10655226558446884,0.17753510177135468,0.02300257422029972
9255edccdeeab35e,cars196-convnext_tiny-regression-profile-N17-search-s2,finished,search,cars196,profile,regression,17,2,convnext_tiny,0.009982244111597538,30,0.0025401124730706215,0.03062354028224945,0.05214610695838928,0.08977985382080078,0.15188783407211304,0.01931707188487053,0.009982244111597538,0.07734139263629913,0.1359516680240631,0.2362537831068039,0.3921450078487396,0.06360518932342529,0.002768099308013916,0.031879980117082596,0.05719643831253052,0.09517112374305724,0.16330677270889282,0.0212167464196682
ad2dba02a5d0a308,cars196-convnext_tiny-regression-profile-N2-final-s0,finished,final,cars196,profile,regression,2,0,convnext_tiny,0.17879435420036316,120,0.037699416279792786,0.2663879096508026,0.3687123358249664,0.48444226384162903,0.6031238436698914,0.10329210758209229,0.17879435420036316,0.5301132798194885,0.6511628031730652,0.7579010128974915,0.8419797420501709,0.29142341017723083,0.4573647379875183,0.7277716994285583,0.8267210125923157,0.8966598510742188,0.944331169128418,0.5674073100090027
aed3a864b3f3ea90,cars196-convnext_tiny-regression-mds-N2-search-s0,finished,search,cars196,mds,regression,2,0,convnext_tiny,0.02925523929297924,30,0.00719370786100626,0.07059402018785477,0.1146230474114418,0.1780838817358017,0.26663386821746826,0.03611849620938301,0.02925523929297924,0.20155039429664612,0.2939773499965668,0.4144305288791657,0.5819916725158691,0.10536809265613556,0.008749840781092644,0.07480005919933319,0.12090324610471724,0.1930374801158905,0.2959071695804596,0.04175277426838875
799ba65417cee497,cars196-convnext_tiny-regression-mds-N2-search-s1,finished,search,cars196,mds,regression,2,1,convnext_tiny,0.013539910316467283,30,0.006004699505865574,0.0640757605433464,0.1045381873846054,0.1584060937166214,0.24142171442508695,0.030458122491836548,0.013539910316467283,0.1167883202433586,0.19343066215515137,0.31326034665107727,0.4750608205795288,0.0723666325211525,0.006524842698127031,0.06271450966596603,0.10483619570732115,0.1636505424976349,0.2597503960132599,0.03483038395643234
131bcc967c35c1e5,cars196-convnext_tiny-regression-mds-N2-search-s2,finished,search,cars196,mds,regression,2,2,convnext_tiny,0.018670346587896347,30,0.00636937003582716,0.06616652011871338,0.0999877005815506,0.15643832087516785,0.2376091480255127,0.031364671885967255,0.018670346587896347,0.13293051719665527,0.21570996940135956,0.3462235629558563,0.5202416777610779,0.08425506949424744,0.006536197382956743,0.07188623398542404,0.1159556210041046,0.17799656093120575,0.27629315853118896,0.03540084511041641
1dce77ecbcd5d0ec,cars196-convnext_tiny-regression-mds-N4-search-s0,finished,search,cars196,mds,regression,4,0,convnext_tiny,0.009203632362186909,30,0.0019265871960669756,0.02656499855220318,0.04611978679895401,0.07785020023584366,0.1387283205986023,0.016320375725626945,0.009203632362186909,0.08765652775764465,0.1520572453737259,0.25044721364974976,0.4180083572864533,0.0634259432554245,0.002108227927237749,0.024619726464152336,0.04531911388039589,0.08201348781585693,0.14583660662174225,0.018223559483885765
02a8959454e5e8ec,cars196-convnext_tiny-regression-mds-N4-search-s1,finished,search,cars196,mds,regression,4,1,convnext_tiny,0.00656956247985363,30,0.0016608405858278277,0.024351248517632484,0.04218423366546631,0.07280777394771576,0.12741360068321228,0.015470732003450394,0.00656956247985363,0.0614355243742466,0.12104623019695282,0.2201946526765823,0.3801703155040741,0.05463176965713501,0.002001726534217596,0.025897035375237465,0.04695787653326988,0.08595944195985794,0.14664585888385773,0.018348749727010727
a76497f1cee4eacd,cars196-convnext_tiny-regression-mds-N4-search-s2,finished,search,cars196,mds,regression,4,2,convnext_tiny,0.008273075334727764,30,0.001814776798710227,0.02459722012281418,0.04292215034365654,0.07452958077192307,0.13159513473510742,0.016457989811897278,0.008273075334727764,0.06163141876459122,0.12809666991233826,0.2175226658582687,0.3770392835140228,0.05952389910817146,0.0021100568119436502,0.02406626008450985,0.04375683516263962,0.08313798904418945,0.14486639201641083,0.018653923645615578
469c42c4faa4a70f,cars196-convnext_tiny-regression-mds-N8-search-s0,finished,search,cars196,mds,regression,8,0,convnext_tiny,0.00942603312432766,30,0.0018195334123447535,0.025704095140099525,0.04501291364431381,0.08043291419744492,0.13799040019512177,0.01619044505059719,0.00942603312432766,0.09719737619161606,0.1532498449087143,0.27489563822746277,0.44364938139915466,0.06446909159421921,0.002096574055030942,0.026031048968434337,0.0456327423453331,0.08091579377651215,0.14175945520401,0.018438389524817467
171630b06a026ede,cars196-convnext_tiny-regression-mds-N8-search-s1,finished,search,cars196,mds,regression,8,1,convnext_tiny,0.006790054030716419,30,0.0016723491717129946,0.023736318573355675,0.03960152342915535,0.07096298038959503,0.1270446479320526,0.015742039307951927,0.006790054030716419,0.06690997630357742,0.12652067840099335,0.2366180121898651,0.38381993770599365,0.05473550036549568,0.0019925967790186405,0.02636505477130413,0.04836193472146988,0.0851794108748436,0.1511700451374054,0.018347037956118584
c769538474297305,cars196-convnext_tiny-regression-mds-N8-search-s2,finished,search,cars196,mds,regression,8,2,convnext_tiny,0.008445200510323048,30,0.001854666043072939,0.02545812353491783,0.04734965041279793,0.07834214717149734,0.13380888104438782,0.01625203527510166,0.008445200510323048,0.07250755280256271,0.12990936636924744,0.23141993582248688,0.3764350414276123,0.06075569614768028,0.002055599121376872,0.02406626008450985,0.04453820735216141,0.08407563716173172,0.147991880774498,0.018692780286073685
d32ff071e245e379,cars196-convnext_tiny-regression-mds-N16-search-s0,finished,search,cars196,mds,regression,16,0,convnext_tiny,0.008522938936948776,30,0.0015466614859178662,0.024228261783719063,0.04304513707756996,0.07465256750583649,0.13233304023742676,0.014990673400461674,0.008522938936948776,0.07930828630924225,0.1419200897216797,0.25462135672569275,0.4227787852287293,0.06155026704072952,0.001819829223677516,0.025717422366142273,0.044064607471227646,0.07323192805051804,0.13768228888511658,0.017217455431818962
96cd2e6a6af98fcf,cars196-convnext_tiny-regression-mds-N16-search-s1,finished,search,cars196,mds,regression,16,1,convnext_tiny,0.006651229690760374,30,0.0014098120154812932,0.021768540143966675,0.04144631698727608,0.07366867363452911,0.12741360068321228,0.014455804601311684,0.006651229690760374,0.06995134055614471,0.12956205010414124,0.21897810697555545,0.38686132431030273,0.054149772971868515,0.0018612595740705729,0.022776911035180092,0.04446177929639816,0.07878315448760986,0.14352573454380035,0.018144501373171806
e9d920b90078e205,cars196-convnext_tiny-regression-mds-N16-search-s2,finished,search,cars196,mds,regression,16,2,convnext_tiny,0.007672372739762068,30,0.0014518346870318055,0.021030623465776443,0.03689583018422127,0.07010208070278168,0.12274012714624404,0.015081783756613731,0.007672372739762068,0.07190332561731339,0.13172204792499542,0.22598187625408173,0.38791540265083313,0.05855000764131546,0.0018488108180463312,0.025941552594304085,0.04516330733895302,0.08188779652118683,0.14002187550067902,0.01785382442176342
6196cee609add428,cars196-convnext_tiny-regression-mds-N17-search-s0,finished,search,cars196,mds,regression,17,0,convnext_tiny,0.008718724362552166,30,0.001552441157400608,0.022875415161252025,0.040462426841259,0.07391464710235596,0.13011929392814636,0.01519538089632988,0.008718724362552166,0.08884913474321365,0.1568276733160019,0.26237329840660095,0.43053069710731506,0.061770662665367126,0.001860006363131106,0.027599183842539787,0.04751450568437576,0.08358161896467209,0.141132190823555,0.017252910882234573
030733c5c6f3cb64,cars196-convnext_tiny-regression-mds-N17-search-s1,finished,search,cars196,mds,regression,17,1,convnext_tiny,0.006619581021368504,30,0.0016167713329195976,0.021891526877880096,0.04009347036480904,0.07477554678916931,0.13380888104438782,0.015556604601442814,0.006619581021368504,0.06508515775203705,0.118613138794899,0.2135036438703537,0.38077858090400696,0.055334556847810745,0.001978679094463587,0.023868955671787265,0.04836193472146988,0.08673947304487228,0.14882995188236237,0.018201416358351707
b23565d2d5a6a724,cars196-convnext_tiny-regression-mds-N17-search-s2,finished,search,cars196,mds,regression,17,2,convnext_tiny,0.008110420778393745,30,0.001765054534189403,0.024351248517632484,0.04304513707756996,0.07477554678916931,0.13024228811264038,0.015883391723036766,0.008110420778393745,0.07069486379623413,0.12628398835659027,0.22658610343933103,0.37341389060020447,0.05964277684688568,0.001940501038916409,0.025316456332802773,0.04266291484236717,0.07688701152801514,0.1415846198797226,0.018162505701184273
38e2ed4ae63b65fb,cars196-convnext_tiny-regression-mds-N2-final-s0,finished,final,cars196,mds,regression,2,0,convnext_tiny,0.1805541068315506,120,0.035633206367492676,0.2527364492416382,0.3591194152832031,0.47903087735176086,0.6002951860427856,0.10161309689283372,0.1805541068315506,0.5211687684059143,0.6612999439239502,0.7596899271011353,0.8521168828010559,0.29325011372566223,0.4186646342277527,0.7116199135780334,0.8162145018577576,0.8861533403396606,0.93382465839386,0.5333876013755798
